-- 기존 더미 데이터 삭제 (재실행 대비)
DELETE FROM vote_choices WHERE vote_id IN (SELECT id FROM votes WHERE issue_id::text LIKE 'a1000000%');
DELETE FROM user_votes WHERE vote_id IN (SELECT id FROM votes WHERE issue_id::text LIKE 'a1000000%');
DELETE FROM votes WHERE issue_id::text LIKE 'a1000000%';
DELETE FROM discussion_topics WHERE issue_id::text LIKE 'a1000000%';
DELETE FROM reactions WHERE issue_id::text LIKE 'a1000000%';
DELETE FROM comments WHERE issue_id::text LIKE 'a1000000%';
DELETE FROM timeline_points WHERE issue_id::text LIKE 'a1000000%';
DELETE FROM news_data WHERE issue_id::text LIKE 'a1000000%';
DELETE FROM community_data WHERE issue_id::text LIKE 'a1000000%';
DELETE FROM issues WHERE id::text LIKE 'a1000000%';

-- ============================================================
-- 이슈 10개
-- ============================================================
INSERT INTO issues (id, title, description, status, category, heat_index, created_heat_index, approval_status, approval_type, visibility_status, source_track, created_at, updated_at) VALUES
('a1000000-0000-0000-0000-000000000001','아이돌 그룹 멤버 열애설 공식 인정','인기 아이돌 그룹 멤버가 동료 배우와의 열애설을 소속사를 통해 공식 인정했다.','논란중','연예',72,68,'승인','auto','visible','track_a',NOW() - INTERVAL '3 hours',NOW() - INTERVAL '1 hour'),
('a1000000-0000-0000-0000-000000000002','국회의원 막말 논란 사과 거부','여당 국회의원이 기자간담회에서 논란이 된 발언에 대해 사과를 거부하며 오히려 강경 입장을 고수했다.','점화','정치',85,80,'승인','manual','visible','track_a',NOW() - INTERVAL '1 hour',NOW() - INTERVAL '30 minutes'),
('a1000000-0000-0000-0000-000000000003','대기업 직원 직장 내 괴롭힘 폭로','국내 대기업 계열사 직원이 상급자로부터 수년간 지속적인 직장 내 괴롭힘을 당했다고 폭로해 파장이 일고 있다.','논란중','사회',61,55,'승인','auto','visible','track_a',NOW() - INTERVAL '6 hours',NOW() - INTERVAL '2 hours'),
('a1000000-0000-0000-0000-000000000004','삼성 갤럭시 신제품 출시 예고','삼성전자가 차세대 갤럭시 시리즈를 다음 달 공개한다고 공식 발표했다.','점화','기술',45,42,'승인','auto','visible','track_a',NOW() - INTERVAL '2 hours',NOW() - INTERVAL '1 hour'),
('a1000000-0000-0000-0000-000000000005','프로야구 선수 도핑 적발 충격','국내 프로야구 리그 소속 선수가 도핑 검사에서 금지 약물이 검출돼 자격 정지 처분을 받았다.','종결','스포츠',38,55,'승인','auto','visible','track_a',NOW() - INTERVAL '2 days',NOW() - INTERVAL '12 hours'),
('a1000000-0000-0000-0000-000000000006','유명 유튜버 세금 탈루 의혹 제기','구독자 500만 유명 유튜버가 수억원대 세금을 탈루했다는 의혹이 제기돼 파장이 일고 있다.','점화','사회',78,74,'승인','auto','visible','track_a',NOW() - INTERVAL '4 hours',NOW() - INTERVAL '2 hours'),
('a1000000-0000-0000-0000-000000000007','네이버-카카오 AI 서비스 경쟁 본격화','국내 양대 IT 기업이 생성형 AI 서비스를 동시에 출시하며 치열한 경쟁을 예고했다.','논란중','기술',52,48,'승인','auto','visible','track_a',NOW() - INTERVAL '5 hours',NOW() - INTERVAL '3 hours'),
('a1000000-0000-0000-0000-000000000008','여자 배구 국가대표팀 감독 성희롱 폭로','여자 배구 국가대표팀 전 선수가 감독으로부터 성희롱을 당했다고 폭로해 체육계가 발칵 뒤집혔다.','논란중','스포츠',91,88,'승인','manual','visible','track_a',NOW() - INTERVAL '8 hours',NOW() - INTERVAL '4 hours'),
('a1000000-0000-0000-0000-000000000009','한국은행 기준금리 0.25%p 인하 결정','한국은행 금융통화위원회가 기준금리를 0.25%p 인하하기로 결정했다.','종결','경제',44,50,'승인','auto','visible','track_a',NOW() - INTERVAL '1 day',NOW() - INTERVAL '20 hours'),
('a1000000-0000-0000-0000-000000000010','드라마 촬영장 스태프 사망 사고 발생','인기 드라마 촬영 현장에서 스태프가 추락 사고로 사망해 방송계 노동환경이 다시 도마에 올랐다.','논란중','사회',83,79,'승인','manual','visible','track_a',NOW() - INTERVAL '10 hours',NOW() - INTERVAL '6 hours');

-- ============================================================
-- 타임라인
-- ============================================================
INSERT INTO timeline_points (issue_id, occurred_at, source_url, stage, title) VALUES
('a1000000-0000-0000-0000-000000000001',NOW() - INTERVAL '5 hours','https://news.naver.com','발단','열애설 최초 보도'),
('a1000000-0000-0000-0000-000000000001',NOW() - INTERVAL '3 hours','https://news.naver.com','전개','소속사 공식 인정'),
('a1000000-0000-0000-0000-000000000001',NOW() - INTERVAL '1 hour','https://news.naver.com','파생','팬덤 반응 엇갈려'),
('a1000000-0000-0000-0000-000000000002',NOW() - INTERVAL '3 hours','https://news.naver.com','발단','막말 발언 논란 시작'),
('a1000000-0000-0000-0000-000000000002',NOW() - INTERVAL '2 hours','https://news.naver.com','전개','사과 요구 빗발'),
('a1000000-0000-0000-0000-000000000002',NOW() - INTERVAL '1 hour','https://news.naver.com','파생','당 차원 징계 논의'),
('a1000000-0000-0000-0000-000000000003',NOW() - INTERVAL '8 hours','https://news.naver.com','발단','직원 SNS 폭로'),
('a1000000-0000-0000-0000-000000000003',NOW() - INTERVAL '6 hours','https://news.naver.com','전개','회사 측 사실 부인'),
('a1000000-0000-0000-0000-000000000003',NOW() - INTERVAL '3 hours','https://news.naver.com','파생','노동부 조사 착수'),
('a1000000-0000-0000-0000-000000000005',NOW() - INTERVAL '3 days','https://news.naver.com','발단','도핑 검사 적발'),
('a1000000-0000-0000-0000-000000000005',NOW() - INTERVAL '2 days','https://news.naver.com','전개','선수 해명 기자회견'),
('a1000000-0000-0000-0000-000000000005',NOW() - INTERVAL '1 day','https://news.naver.com','진정','자격 정지 확정'),
('a1000000-0000-0000-0000-000000000006',NOW() - INTERVAL '6 hours','https://news.naver.com','발단','세금 탈루 의혹 제보'),
('a1000000-0000-0000-0000-000000000006',NOW() - INTERVAL '4 hours','https://news.naver.com','전개','국세청 세무조사 착수'),
('a1000000-0000-0000-0000-000000000008',NOW() - INTERVAL '10 hours','https://news.naver.com','발단','전 선수 폭로 게시글'),
('a1000000-0000-0000-0000-000000000008',NOW() - INTERVAL '8 hours','https://news.naver.com','전개','대한배구협회 긴급 조사'),
('a1000000-0000-0000-0000-000000000008',NOW() - INTERVAL '5 hours','https://news.naver.com','파생','감독 직무 정지'),
('a1000000-0000-0000-0000-000000000010',NOW() - INTERVAL '12 hours','https://news.naver.com','발단','현장 사망 사고 발생'),
('a1000000-0000-0000-0000-000000000010',NOW() - INTERVAL '10 hours','https://news.naver.com','전개','경찰 수사 착수'),
('a1000000-0000-0000-0000-000000000010',NOW() - INTERVAL '7 hours','https://news.naver.com','파생','방송사 공식 사과');

-- ============================================================
-- 뉴스 데이터
-- ============================================================
INSERT INTO news_data (title, link, source, published_at, category, issue_id, search_keyword) VALUES
('[단독] 아이돌 A, 배우 B와 열애 인정','https://news.naver.com/1','엔터뉴스',NOW() - INTERVAL '3 hours','연예','a1000000-0000-0000-0000-000000000001','열애설'),
('소속사 "사실, 좋은 감정으로 만나는 중"','https://news.naver.com/2','스포츠서울',NOW() - INTERVAL '2 hours','연예','a1000000-0000-0000-0000-000000000001','열애설'),
('국회의원 C "내 발언 문제없다" 강경 입장','https://news.naver.com/3','한국일보',NOW() - INTERVAL '1 hour','정치','a1000000-0000-0000-0000-000000000002','막말'),
('야당 "즉각 사과하라" 강력 규탄','https://news.naver.com/4','경향신문',NOW() - INTERVAL '30 minutes','정치','a1000000-0000-0000-0000-000000000002','막말'),
('D사 직원 "5년간 괴롭힘 당했다" 폭로','https://news.naver.com/5','한겨레',NOW() - INTERVAL '7 hours','사회','a1000000-0000-0000-0000-000000000003','직장내괴롭힘'),
('삼성 갤럭시 S26 다음달 공개 확정','https://news.naver.com/6','IT조선',NOW() - INTERVAL '2 hours','기술','a1000000-0000-0000-0000-000000000004','갤럭시'),
('프로야구 E선수 도핑 적발, 자격정지 1년','https://news.naver.com/7','스포츠동아',NOW() - INTERVAL '2 days','스포츠','a1000000-0000-0000-0000-000000000005','도핑'),
('유튜버 F, 수억원대 세금 탈루 의혹','https://news.naver.com/8','조선일보',NOW() - INTERVAL '4 hours','사회','a1000000-0000-0000-0000-000000000006','세금탈루'),
('네이버 HyperCLOVA X vs 카카오 KoGPT 정면 대결','https://news.naver.com/9','전자신문',NOW() - INTERVAL '5 hours','기술','a1000000-0000-0000-0000-000000000007','AI경쟁'),
('배구 국대 감독 G 성희롱 의혹, 충격 폭로','https://news.naver.com/10','스포츠경향',NOW() - INTERVAL '8 hours','스포츠','a1000000-0000-0000-0000-000000000008','성희롱'),
('한은 기준금리 3.25%로 인하... 경기 부양 의지','https://news.naver.com/11','한국경제',NOW() - INTERVAL '1 day','경제','a1000000-0000-0000-0000-000000000009','기준금리'),
('드라마 촬영장 스태프 추락사... 방송계 노동환경 논란','https://news.naver.com/12','미디어오늘',NOW() - INTERVAL '10 hours','사회','a1000000-0000-0000-0000-000000000010','촬영현장');

-- ============================================================
-- 투표 10개
-- ============================================================
INSERT INTO votes (id, issue_id, title, phase, approval_status, is_ai_generated, created_at) VALUES
('c1000000-0000-0000-0000-000000000001','a1000000-0000-0000-0000-000000000001','이번 열애설, 어떻게 생각하시나요?','진행중','승인',true,NOW() - INTERVAL '2 hours'),
('c1000000-0000-0000-0000-000000000002','a1000000-0000-0000-0000-000000000002','국회의원 C는 사과해야 할까요?','진행중','승인',true,NOW() - INTERVAL '1 hour'),
('c1000000-0000-0000-0000-000000000003','a1000000-0000-0000-0000-000000000003','직장 내 괴롭힘 가해자 처벌 수위는?','진행중','승인',true,NOW() - INTERVAL '3 hours'),
('c1000000-0000-0000-0000-000000000004','a1000000-0000-0000-0000-000000000004','갤럭시 S26, 구매 의향이 있으신가요?','진행중','승인',true,NOW() - INTERVAL '1 hour'),
('c1000000-0000-0000-0000-000000000005','a1000000-0000-0000-0000-000000000005','도핑 선수 자격 정지 1년, 적절한가요?','마감','승인',true,NOW() - INTERVAL '2 days'),
('c1000000-0000-0000-0000-000000000006','a1000000-0000-0000-0000-000000000006','유튜버 세금 탈루, 어떻게 처벌해야 할까요?','진행중','승인',true,NOW() - INTERVAL '2 hours'),
('c1000000-0000-0000-0000-000000000007','a1000000-0000-0000-0000-000000000007','국내 AI 서비스, 어느 쪽이 더 기대되나요?','진행중','승인',true,NOW() - INTERVAL '3 hours'),
('c1000000-0000-0000-0000-000000000008','a1000000-0000-0000-0000-000000000008','성희롱 감독에 대한 적절한 처벌은?','진행중','승인',true,NOW() - INTERVAL '5 hours'),
('c1000000-0000-0000-0000-000000000009','a1000000-0000-0000-0000-000000000009','금리 인하, 실물경제에 도움이 될까요?','마감','승인',true,NOW() - INTERVAL '1 day'),
('c1000000-0000-0000-0000-000000000010','a1000000-0000-0000-0000-000000000010','방송계 노동환경 개선, 누가 책임져야 할까요?','진행중','승인',true,NOW() - INTERVAL '6 hours');

INSERT INTO vote_choices (vote_id, label, count) VALUES
('c1000000-0000-0000-0000-000000000001','응원합니다',124),
('c1000000-0000-0000-0000-000000000001','실망입니다',43),
('c1000000-0000-0000-0000-000000000001','관심없어요',67),
('c1000000-0000-0000-0000-000000000002','당연히 사과해야 한다',312),
('c1000000-0000-0000-0000-000000000002','사과 불필요하다',89),
('c1000000-0000-0000-0000-000000000002','모르겠다',45),
('c1000000-0000-0000-0000-000000000003','해고 및 형사처벌',201),
('c1000000-0000-0000-0000-000000000003','징계와 피해자 보상',156),
('c1000000-0000-0000-0000-000000000003','상황에 따라 다르다',78),
('c1000000-0000-0000-0000-000000000004','살 것 같다',234),
('c1000000-0000-0000-0000-000000000004','아직 모르겠다',187),
('c1000000-0000-0000-0000-000000000004','살 생각 없다',93),
('c1000000-0000-0000-0000-000000000005','적절하다',145),
('c1000000-0000-0000-0000-000000000005','너무 가볍다',267),
('c1000000-0000-0000-0000-000000000005','너무 무겁다',32),
('c1000000-0000-0000-0000-000000000006','세금 추징 및 형사처벌',289),
('c1000000-0000-0000-0000-000000000006','세금 추징만으로 충분',134),
('c1000000-0000-0000-0000-000000000006','수사 결과를 지켜봐야',98),
('c1000000-0000-0000-0000-000000000007','네이버 HyperCLOVA X',178),
('c1000000-0000-0000-0000-000000000007','카카오 KoGPT',143),
('c1000000-0000-0000-0000-000000000007','둘 다 기대 안 됨',89),
('c1000000-0000-0000-0000-000000000008','영구 자격박탈',334),
('c1000000-0000-0000-0000-000000000008','자격 정지 및 재교육',156),
('c1000000-0000-0000-0000-000000000008','수사 결과에 따라',67),
('c1000000-0000-0000-0000-000000000009','도움이 될 것이다',198),
('c1000000-0000-0000-0000-000000000009','별 효과 없을 것이다',234),
('c1000000-0000-0000-0000-000000000009','모르겠다',112),
('c1000000-0000-0000-0000-000000000010','방송사',189),
('c1000000-0000-0000-0000-000000000010','제작사',145),
('c1000000-0000-0000-0000-000000000010','정부 및 관련 부처',167);

-- ============================================================
-- 토론 주제 10개
-- ============================================================
INSERT INTO discussion_topics (issue_id, body, is_ai_generated, approval_status, created_at) VALUES
('a1000000-0000-0000-0000-000000000001','아이돌의 열애는 팬과의 약속을 저버리는 행위일까요, 아니면 개인의 자유로운 선택일까요?',true,'진행중',NOW() - INTERVAL '2 hours'),
('a1000000-0000-0000-0000-000000000002','정치인의 막말 발언, 어디까지 표현의 자유로 볼 수 있을까요?',true,'진행중',NOW() - INTERVAL '1 hour'),
('a1000000-0000-0000-0000-000000000003','직장 내 괴롭힘을 예방하기 위해 기업과 개인은 각각 어떤 역할을 해야 할까요?',true,'진행중',NOW() - INTERVAL '4 hours'),
('a1000000-0000-0000-0000-000000000004','AI 기능이 탑재된 스마트폰, 실생활에서 얼마나 유용할까요?',true,'진행중',NOW() - INTERVAL '1 hour'),
('a1000000-0000-0000-0000-000000000005','스포츠에서 도핑은 왜 근절되지 않을까요? 제도적 허점이 있을까요?',true,'진행중',NOW() - INTERVAL '1 day'),
('a1000000-0000-0000-0000-000000000006','유튜버·크리에이터의 세금 문제, 현행 과세 체계가 적절할까요?',true,'진행중',NOW() - INTERVAL '3 hours'),
('a1000000-0000-0000-0000-000000000007','국내 AI 서비스가 글로벌 경쟁에서 살아남으려면 어떤 전략이 필요할까요?',true,'진행중',NOW() - INTERVAL '4 hours'),
('a1000000-0000-0000-0000-000000000008','체육계 성희롱 문제가 반복되는 이유와 구조적 해결책은 무엇일까요?',true,'진행중',NOW() - INTERVAL '6 hours'),
('a1000000-0000-0000-0000-000000000009','금리 인하가 서민 경제에 미치는 영향, 긍정적일까요 부정적일까요?',true,'진행중',NOW() - INTERVAL '20 hours'),
('a1000000-0000-0000-0000-000000000010','방송·영상 제작 현장의 열악한 노동환경, 어떻게 개선해야 할까요?',true,'진행중',NOW() - INTERVAL '7 hours');
